id,adresse,postcode,city
"1261451","85260 Les Brouzils","85260","Les Brouzils"
"1261452","85000 La Roche Sur Yon","85000","La Roche Sur Yon"
"1261453","85350 L'Île-d'Yeu","85350","L'Île-d'Yeu"
"1261454","85800 Le Fenouiller","85800","Le Fenouiller"
"1261456","85100 Les Sables-d'Olonne","85100","Les Sables-d'Olonne"
"1261457","85250 Saint-Fulgent","85250","Saint-Fulgent"
"1261458","85400 Chasnais","85400","Chasnais"
"1261459","85670 Saint-Étienne-du-Bois","85670","Saint-Étienne-du-Bois"
"1261460","85150 Sainte Foy","85150","Sainte Foy"
"1261462","85180 LES SABLES D OLONNE","85180","LES SABLES D OLONNE"
"1261463","85300 Soullans","85300","Soullans"
"1261464","85000 La Roche-sur-Yon","85000","La Roche-sur-Yon"
"1261465","85100 Les Sables-d'Olonne","85100","Les Sables-d'Olonne"
"1261466","85170 Saint-Denis-la-Chevasse","85170","Saint-Denis-la-Chevasse"
"1261467","85800 St Gilles Croix de Vie","85800","St Gilles Croix de Vie"
"1261468","85340 Les Sables D Olonne","85340","Les Sables D Olonne"
"1261469","85180 LES SABLES D OLONNE","85180","LES SABLES D OLONNE"
"1261470","85500 Les Herbiers","85500","Les Herbiers"
"1261472","85600 MONTAIGU VENDEE","85600","MONTAIGU VENDEE"
"1261473","85400 Luçon","85400","Luçon"
"1261474","85220 La Chapelle Hermier, Aizenay","85220","La Chapelle Hermier, Aizenay"
"1261476","85150 La Chapelle-Achard","85150","La Chapelle-Achard"
"1261477","85000 La Roche-sur-Yon","85000","La Roche-sur-Yon"
"1261478","85500 Les Herbiers","85500","Les Herbiers"
"1261479","85000 La Roche-sur-Yon","85000","La Roche-sur-Yon"
"1261480","85320 Mareuil-sur-Lay-Dissais","85320","Mareuil-sur-Lay-Dissais"
"1261481","85600 La Boissière-de-Montaigu","85600","La Boissière-de-Montaigu"
"1261482","85500 Les Herbiers","85500","Les Herbiers"
"1261483","85500 Les Herbiers","85500","Les Herbiers"
"1261484","85150 Les Achards","85150","Les Achards"
"1261485","85200 Fontenay le Comte","85200","Fontenay le Comte"
"1261486","85220 L'Aiguillon-sur-Vie","85220","L'Aiguillon-sur-Vie"
"1261487","85120 Antigny","85120","Antigny"
"1261488","85000 La Roche-sur-Yon","85000","La Roche-sur-Yon"
"1261489","85670 Saint-Christophe-du-Ligneron","85670","Saint-Christophe-du-Ligneron"
"1261490","85000 La Roche-sur-Yon","85000","La Roche-sur-Yon"
"1261491","85310 La Chaize le Vicomte","85310","La Chaize le Vicomte"
"1261493","85000 La Roche-sur-Yon","85000","La Roche-sur-Yon"
"1261494","85000 La Roche-sur-Yon","85000","La Roche-sur-Yon"
"1261495","85190 Beaulieu-sous-la-Roche","85190","Beaulieu-sous-la-Roche"
"1261496","85300 Challans","85300","Challans"
"1261497","85410 Cezais","85410","Cezais"
"1261498","85500 Les Herbiers","85500","Les Herbiers"
"1261499","85300 Challans","85300","Challans"
"1261501","85330 Noirmoutier-en-l'Île","85330","Noirmoutier-en-l'Île"
"1261502","85600 Montaigu Vendee","85600","Montaigu Vendee"
"1261504","85200 Fontenay-le-Comte","85200","Fontenay-le-Comte"
"1261506","85000 La Roche Sur Yon","85000","La Roche Sur Yon"
"1261507","85140 Essarts en Bocage","85140","Essarts en Bocage"
"1261508","85200 Longèves","85200","Longèves"
"1261509","85340 LES SABLES D OLONNE","85340","LES SABLES D OLONNE"
"1261510","85140 Essarts en Bocage","85140","Essarts en Bocage"
"1261511","85500 Les Herbiers","85500","Les Herbiers"
"1261513","85480 Bournezeau","85480","Bournezeau"
"1261514","85690 Notre-Dame-de-Monts","85690","Notre-Dame-de-Monts"
"1261517","85360 La Tranche-sur-Mer","85360","La Tranche-sur-Mer"
"1261518","85340 L'Île-d'Olonne","85340","L'Île-d'Olonne"
"1261519","85160 Saint Jean de Monts","85160","Saint Jean de Monts"
"1261521","85320 Mareuil-sur-Lay-Dissais","85320","Mareuil-sur-Lay-Dissais"
"1261522","85440 Talmont-Saint-Hilaire","85440","Talmont-Saint-Hilaire"
"1261524","85170 Les Lucs-sur-Boulogne","85170","Les Lucs-sur-Boulogne"
"1261525","85460 L AIGUILLON LA PRESQU ILE","85460","L AIGUILLON LA PRESQU ILE"
"1261526","85300 Challans","85300","Challans"
"1261527","85000 La Roche-sur-Yon","85000","La Roche-sur-Yon"
"1261528","85180 LES SABLES D OLONNE","85180","LES SABLES D OLONNE"
"1261529","85170 Dompierre-sur-Yon","85170","Dompierre-sur-Yon"
"1261530","85000 La Roche-sur-Yon","85000","La Roche-sur-Yon"
"1261531","85490 Benet","85490","Benet"
"1261532","85180 LES SABLES D OLONNE","85180","LES SABLES D OLONNE"
"1261533","85220 La Chaize-Giraud","85220","La Chaize-Giraud"
"1261534","85260 L'Herbergement","85260","L'Herbergement"
"1261537","85670 Saint-Christophe-du-Ligneron","85670","Saint-Christophe-du-Ligneron"
"1261538","85210 La Réorthe","85210","La Réorthe"
"1261539","85690 Notre-Dame-de-Monts","85690","Notre-Dame-de-Monts"
"1261540","85100 Les Sables D Olonne","85100","Les Sables D Olonne"
"1261541","85230 Beauvoir Sur Mer","85230","Beauvoir Sur Mer"
"1261542","85250 Saint-André-Goule-d'Oie","85250","Saint-André-Goule-d'Oie"
"1261543","85160 Saint-Jean-de-Monts","85160","Saint-Jean-de-Monts"
"1261544","85600 Montaigu-Vendée","85600","Montaigu-Vendée"
"1261545","85170 Bellevigny","85170","Bellevigny"
"1261546","85470 Bretignolles Sur Mer","85470","Bretignolles Sur Mer"
"1261547","85600 Montaigu Vendee","85600","Montaigu Vendee"
"1261548","85160 Saint-Jean-de-Monts","85160","Saint-Jean-de-Monts"
"1261550","85000 La Roche-sur-Yon","85000","La Roche-sur-Yon"
"1261551","85310 Rives de l'Yon","85310","Rives de l'Yon"
"1261552","85300 Challans","85300","Challans"
"1261553","85270 Notre-Dame-de-Riez","85270","Notre-Dame-de-Riez"
"1261554","85100 Les Sables D Olonne","85100","Les Sables D Olonne"
"1261555","85170 Bellevigny","85170","Bellevigny"
"1261556","85130 Bazoges-en-Paillers","85130","Bazoges-en-Paillers"
"1261558","85290 Mortagne-sur-Sèvre","85290","Mortagne-sur-Sèvre"
"1261561","85640 Mouchamps","85640","Mouchamps"
"1261562","85000 La Roche-sur-Yon","85000","La Roche-sur-Yon"
"1261563","85590 Les Epesses","85590","Les Epesses"
"1261564","85600 MONTAIGU VENDEE","85600","MONTAIGU VENDEE"
"1261565","85180 LES SABLES D OLONNE","85180","LES SABLES D OLONNE"
"1261566","85600 MONTAIGU VENDEE","85600","MONTAIGU VENDEE"
"1261567","85170 Bellevigny","85170","Bellevigny"
"1261568","85390 Bazoges en Pareds","85390","Bazoges en Pareds"
"1261569","85500 Les Herbiers","85500","Les Herbiers"
"1261570","85000 La Roche-sur-Yon","85000","La Roche-sur-Yon"
"1261571","85000 La Roche-sur-Yon","85000","La Roche-sur-Yon"
"1261573","85400 Luçon","85400","Luçon"
"1261574","85580 Saint Michel en l'Herm","85580","Saint Michel en l'Herm"
"1261576","85170 Bellevigny","85170","Bellevigny"
"1261577","85540 La Jonchère","85540","La Jonchère"
"1261579","92360 MEUDON LA FORET, La Roche-sur-Yon","92360","MEUDON LA FORET, La Roche-sur-Yon"
"1261580","85100 Les Sables D Olonne","85100","Les Sables D Olonne"
"1261581","85500 Les Herbiers","85500","Les Herbiers"
"1261582","85800 Le Fenouiller","85800","Le Fenouiller"
"1261584","85340 LES SABLES D OLONNE","85340","LES SABLES D OLONNE"
"1261585","85430 Aubigny-Les Clouzeaux","85430","Aubigny-Les Clouzeaux"
"1261586","85360 La Tranche-sur-Mer","85360","La Tranche-sur-Mer"
"1261589","85680 La Guérinière","85680","La Guérinière"
"1261590","85420 Maillezais","85420","Maillezais"
"1261591","85520 Jard-sur-Mer","85520","Jard-sur-Mer"
"1261592","85340 Les Sables-d'Olonne","85340","Les Sables-d'Olonne"
"1261593","85000 La Roche-sur-Yon","85000","La Roche-sur-Yon"
"1261594","85170 Bellevigny","85170","Bellevigny"
"1261595","85200 Fontenay le Comte","85200","Fontenay le Comte"
"1261596","85500 Les Herbiers","85500","Les Herbiers"
"1261597","85500 Les Herbiers","85500","Les Herbiers"
"1261598","85000 La Roche Sur Yon","85000","La Roche Sur Yon"
"1261600","85590 Les Epesses","85590","Les Epesses"
"1261601","85000 La Roche-sur-Yon","85000","La Roche-sur-Yon"
"1261602","85290 St Laurent Sur Sevre","85290","St Laurent Sur Sevre"
"1261603","85170 Les Lucs-sur-Boulogne","85170","Les Lucs-sur-Boulogne"
"1261604","85000 La Roche Sur Yon","85000","La Roche Sur Yon"
"1279829","85500 Les Herbiers","85500","Les Herbiers"
"1261607","85120 La Chapelle Aux Lys","85120","La Chapelle Aux Lys"
"1261608","85240 Saint-Hilaire-des-Loges, Chauray","85240","Saint-Hilaire-des-Loges, Chauray"
"1261609","85180 Les Sables-d'Olonne","85180","Les Sables-d'Olonne"
"1261613","85390 Cheffois","85390","Cheffois"
"1261614","85210 La Réorthe","85210","La Réorthe"
"1261615","85420 Damvix","85420","Damvix"
"1261616","85500 Chambretaud","85500","Chambretaud"
"1261617","85360 La Tranche-sur-Mer","85360","La Tranche-sur-Mer"
"1261619","85700 Pouzauges","85700","Pouzauges"
"1261620","85290 Mortagne-sur-Sèvre","85290","Mortagne-sur-Sèvre"
"1261623","85110 Saint-Germain-de-Prinçay","85110","Saint-Germain-de-Prinçay"
"1261624","85550 La Barre-de-Monts","85550","La Barre-de-Monts"
"1261626","85000 La Roche Sur Yon","85000","La Roche Sur Yon"
"1261627","85000 La Roche-sur-Yon","85000","La Roche-sur-Yon"
"1261628","85130 La Verrie","85130","La Verrie"
"1261629","85600 Montaigu Vendee","85600","Montaigu Vendee"
"1261630","85430 Aubigny-Les Clouzeaux","85430","Aubigny-Les Clouzeaux"
"1261631","85640 Mouchamps","85640","Mouchamps"
"1261633","85290 Mortagne-sur-Sèvre","85290","Mortagne-sur-Sèvre"
"1261634","85140 Essarts en Bocage","85140","Essarts en Bocage"
"1261635","85140 Essarts en Bocage","85140","Essarts en Bocage"
"1261636","85000 La Roche-sur-Yon","85000","La Roche-sur-Yon"
"1261637","85580 Saint-Michel-en-l'Herm","85580","Saint-Michel-en-l'Herm"
"1261638","85310 La Chaize-le-Vicomte","85310","La Chaize-le-Vicomte"
"1261639","85440 Talmont-Saint-Hilaire","85440","Talmont-Saint-Hilaire"
"1261640","85000 La Roche-sur-Yon","85000","La Roche-sur-Yon"
"1261641","85800 Saint-Gilles-Croix-de-Vie","85800","Saint-Gilles-Croix-de-Vie"
"1261642","85330 Noirmoutier-en-l'Île","85330","Noirmoutier-en-l'Île"
"1261643","85330 Noirmoutier-en-l'Île","85330","Noirmoutier-en-l'Île"
"1261644","85250 Vendrennes","85250","Vendrennes"
"1261645","85520 Jard-sur-Mer","85520","Jard-sur-Mer"
"1261647","85000 La Roche-sur-Yon","85000","La Roche-sur-Yon"
"1261648","85160 Saint-Jean-de-Monts","85160","Saint-Jean-de-Monts"
"1261649","85600 Montaigu-Vendée","85600","Montaigu-Vendée"
"1261650","85000 La Roche-sur-Yon","85000","La Roche-sur-Yon"
"1261651","85200 Fontenay-le-Comte","85200","Fontenay-le-Comte"
"1261652","85160 Saint-Jean-de-Monts","85160","Saint-Jean-de-Monts"
"1261653","85520 Jard-sur-Mer","85520","Jard-sur-Mer"
"1261655","85300 Soullans","85300","Soullans"
"1261657","85430 Aubigny-Les Clouzeaux","85430","Aubigny-Les Clouzeaux"
"1261659","85200 Fontenay-le-Comte","85200","Fontenay-le-Comte"
"1261660","85340 Les Sables-d'Olonne","85340","Les Sables-d'Olonne"
"1261661","85160 Saint Jean de Monts","85160","Saint Jean de Monts"
"1261662","85000 La Roche-sur-Yon","85000","La Roche-sur-Yon"
"1261663","85800 Givrand","85800","Givrand"
"1261664","85300 Challans","85300","Challans"
"1261665","85170 Le Poire Sur Vie","85170","Le Poire Sur Vie"
"1261667","85330 Noirmoutier-en-l'Île","85330","Noirmoutier-en-l'Île"
"1261668","85160 Saint-Jean-de-Monts","85160","Saint-Jean-de-Monts"
"1261670","85100 Les Sables D Olonne","85100","Les Sables D Olonne"
"1261671","85170 Bellevigny","85170","Bellevigny"
"1261672","85600 Montaigu Vendee","85600","Montaigu Vendee"
"1261673","85400 Luçon","85400","Luçon"
"1261674","85490 Benet","85490","Benet"
"1261675","85390 Cheffois","85390","Cheffois"
"1261676","85590 Les Epesses","85590","Les Epesses"
"1261677","85150 Sainte-Foy","85150","Sainte-Foy"
"1261678","85800 Le Fenouiller","85800","Le Fenouiller"
"1261679","85100 Les Sables-d'Olonne","85100","Les Sables-d'Olonne"
"1261680","85110 Saint-Prouant","85110","Saint-Prouant"
"1261681","85500 Les Herbiers","85500","Les Herbiers"
"1261683","85290 Mortagne-sur-Sèvre","85290","Mortagne-sur-Sèvre"
"1261684","85540 Saint-Avaugourd-des-Landes","85540","Saint-Avaugourd-des-Landes"
"1261685","85140 Essarts en Bocage","85140","Essarts en Bocage"
"1261686","85420 Maillezais","85420","Maillezais"
"1261687","85500 Les Herbiers","85500","Les Herbiers"
"1261689","85400 Sainte-Gemme-la-Plaine","85400","Sainte-Gemme-la-Plaine"
"1261690","85600 Montaigu-Vendée","85600","Montaigu-Vendée"
"1261691","85640 Mouchamps","85640","Mouchamps"
"1261692","85300 Challans","85300","Challans"
"1261693","85000 Mouilleron le Captif","85000","Mouilleron le Captif"
"1261694","85100 Les Sables-D'Olonne","85100","Les Sables-D'Olonne"
"1261695","85520 Jard-sur-Mer","85520","Jard-sur-Mer"
"1261696","85260 La Copechagniere","85260","La Copechagniere"
"1261698","85600 Treize Septiers","85600","Treize Septiers"
"1261699","85700 Pouzauges","85700","Pouzauges"
"1261700","85250 Chavagnes en Paillers","85250","Chavagnes en Paillers"
"1261702","85300 Challans","85300","Challans"
"1261703","85240 Rives d'Autise","85240","Rives d'Autise"
"1261704","85440 Talmont-Saint-Hilaire","85440","Talmont-Saint-Hilaire"
"1261705","85000 La Roche-Sur-Yon","85000","La Roche-Sur-Yon"
"1261708","85140 Chauché","85140","Chauché"
"1261709","85700 Menomblet","85700","Menomblet"
"1261710","85180 Les Sables D Olonne","85180","Les Sables D Olonne"
"1261711","85690 Notre-Dame-de-Monts","85690","Notre-Dame-de-Monts"
"1261713","85220 L'Aiguillon-sur-Vie","85220","L'Aiguillon-sur-Vie"
"1261714","85180 Les Sables D Olonne","85180","Les Sables D Olonne"
"1261715","85340 LES SABLES D OLONNE","85340","LES SABLES D OLONNE"
"1261716","85000 La Roche-sur-Yon","85000","La Roche-sur-Yon"
"1261717","85000 La Roche-sur-Yon","85000","La Roche-sur-Yon"
"1261718","85600 Montaigu Vendée","85600","Montaigu Vendée"
"1261719","85130 Les Landes-Genusson","85130","Les Landes-Genusson"
"1261720","85390 Bazoges-en-Pareds","85390","Bazoges-en-Pareds"
"1261721","85110 Saint-Prouant","85110","Saint-Prouant"
"1261722","85320 Moutiers Sur le Lay","85320","Moutiers Sur le Lay"
"1261768","85000 La Roche-sur-Yon","85000","La Roche-sur-Yon"
"1261724","85600 Montaigu-Vendée","85600","Montaigu-Vendée"
"1261725","85520 Jard-sur-Mer","85520","Jard-sur-Mer"
"1261726","85110 Saint-Germain-de-Prinçay","85110","Saint-Germain-de-Prinçay"
"1261727","85340 Les Sables D Olonne","85340","Les Sables D Olonne"
"1261728","85140 Essarts en Bocage","85140","Essarts en Bocage"
"1261729","85600 MONTAIGU VENDEE","85600","MONTAIGU VENDEE"
"1261730","85710 La Garnache","85710","La Garnache"
"1261731","85500 Les Herbiers","85500","Les Herbiers"
"1261732","85150 Sainte-Foy","85150","Sainte-Foy"
"1261733","85160 Saint-Jean-de-Monts","85160","Saint-Jean-de-Monts"
"1261734","85340 LES SABLES D OLONNE","85340","LES SABLES D OLONNE"
"1261737","85800 Le Fenouiller","85800","Le Fenouiller"
"1261738","85770 Vix","85770","Vix"
"1261739","85000 La Roche-sur-Yon","85000","La Roche-sur-Yon"
"1261740","85220 L'Aiguillon-sur-Vie","85220","L'Aiguillon-sur-Vie"
"1261741","85150 Les Achards","85150","Les Achards"
"1261742","85200 Fontenay-le-Comte","85200","Fontenay-le-Comte"
"1261743","85180 Les Sables-d'Olonne","85180","Les Sables-d'Olonne"
"1261745","85600 MONTAIGU VENDEE","85600","MONTAIGU VENDEE"
"1261747","85610 Cugand","85610","Cugand"
"1261748","85600 Montaigu Vendee","85600","Montaigu Vendee"
"1261750","85150 La Mothe-Achard","85150","La Mothe-Achard"
"1261751","85580 Grues","85580","Grues"
"1261753","85400 Sainte-Gemme-la-Plaine","85400","Sainte-Gemme-la-Plaine"
"1261754","85140 Essarts en Bocage","85140","Essarts en Bocage"
"1261756","85000 La Roche Sur Yon","85000","La Roche Sur Yon"
"1261758","85140 Essarts en Bocage","85140","Essarts en Bocage"
"1261759","85610 Cugand","85610","Cugand"
"1261760","85710 La Garnache","85710","La Garnache"
"1261761","85200 Fontenay-le-Comte","85200","Fontenay-le-Comte"
"1261762","85640 Mouchamps","85640","Mouchamps"
"1261763","85000 La Roche-sur-Yon","85000","La Roche-sur-Yon"
"1261764","85440 Talmont-Saint-Hilaire","85440","Talmont-Saint-Hilaire"
"1261765","85700 Pouzauges","85700","Pouzauges"
"1261766","85000 La Roche Sur Yon","85000","La Roche Sur Yon"
"1261767","85580 Saint-Michel-en-l'Herm","85580","Saint-Michel-en-l'Herm"
"1261769","85710 Bois-de-Céné","85710","Bois-de-Céné"
"1261771","85750 Angles","85750","Angles"
"1261773","85150 Les Achards","85150","Les Achards"
"1261775","85340 LES SABLES D OLONNE","85340","LES SABLES D OLONNE"
"1261776","85163 St Jean de Monts","85163","St Jean de Monts"
"1261777","85300 Challans","85300","Challans"
"1261778","85160 Saint-Jean-de-Monts","85160","Saint-Jean-de-Monts"
"1261779","85440 Avrillé","85440","Avrillé"
"1261780","85300 Challans","85300","Challans"
"1261781","85150 Ste Flaive des Loups","85150","Ste Flaive des Loups"
"1261783","85440 Grosbreuil","85440","Grosbreuil"
"1261784","85100 Les Sables D Olonne","85100","Les Sables D Olonne"
"1261786","85280 La Ferrière","85280","La Ferrière"
"1261787","85000 La Roche-sur-Yon","85000","La Roche-sur-Yon"
"1261788","85200 Fontenay-le-Comte","85200","Fontenay-le-Comte"
"1261790","85170 Les Lucs-sur-Boulogne","85170","Les Lucs-sur-Boulogne"
"1261791","85000 La Roche-sur-Yon","85000","La Roche-sur-Yon"
"1261792","85330 Noirmoutier-en-l'île","85330","Noirmoutier-en-l'île"
"1261793","85440 Poiroux","85440","Poiroux"
"1261794","85300 Challans","85300","Challans"
"1261795","85140 Essarts en Bocage","85140","Essarts en Bocage"
"1261797","85000 La Roche-sur-Yon","85000","La Roche-sur-Yon"
"1261798","85300 Challans","85300","Challans"
"1261800","85600 MONTAIGU VENDEE","85600","MONTAIGU VENDEE"
"1261801","85140 Essarts en Bocage","85140","Essarts en Bocage"
"1261802","85710 La Garnache","85710","La Garnache"
"1261803","85660 Saint Philbert de Bouaine","85660","Saint Philbert de Bouaine"
"1261804","85300 Challans","85300","Challans"
"1261805","85160 Saint-Jean-De-Monts","85160","Saint-Jean-De-Monts"
"1261806","85710 La Garnache","85710","La Garnache"
"1261807","85580 St Michel en L Herm","85580","St Michel en L Herm"
"1261808","85800 Saint-Gilles-Croix-de-Vie","85800","Saint-Gilles-Croix-de-Vie"
"1261809","85300 Soullans","85300","Soullans"
"1261810","85320 Mareuil-sur-Lay-Dissais","85320","Mareuil-sur-Lay-Dissais"
"1261811","85800 Saint-Gilles-Croix-de-Vie","85800","Saint-Gilles-Croix-de-Vie"
"1261812","85800 Le Fenouiller","85800","Le Fenouiller"
"1261813","85310 Rives de l'Yon","85310","Rives de l'Yon"
"1279830","85770 Le Poiré-sur-Velluire","85770","Le Poiré-sur-Velluire"
"1261814","85130 Les Landes-Genusson","85130","Les Landes-Genusson"
"1261815","85440 Talmont-Saint-Hilaire","85440","Talmont-Saint-Hilaire"
"1261816","85800 Saint-Gilles-Croix-de-Vie","85800","Saint-Gilles-Croix-de-Vie"
"1261818","85000 La Roche-sur-Yon","85000","La Roche-sur-Yon"
"1261819","85160 Saint-Jean-de-Monts","85160","Saint-Jean-de-Monts"
"1261820","85500 Les Herbiers","85500","Les Herbiers"
"1261821","85170 Le Poiré-sur-Vie","85170","Le Poiré-sur-Vie"
"1261822","85800 Le Fenouiller","85800","Le Fenouiller"
"1261824","85150 Sainte-Foy","85150","Sainte-Foy"
"1261825","85800 Saint-Gilles-Croix-de-Vie","85800","Saint-Gilles-Croix-de-Vie"
"1261826","85150 Sainte-Flaive-des-Loups","85150","Sainte-Flaive-des-Loups"
"1261827","85110 Saint-Prouant","85110","Saint-Prouant"
"1261828","85140 Essarts en Bocage","85140","Essarts en Bocage"
"1261829","85670 Saint-Etienne-du-Bois","85670","Saint-Etienne-du-Bois"
"1261831","85100 Les Sables-d'Olonne","85100","Les Sables-d'Olonne"
"1261832","85300 Challans","85300","Challans"
"1261833","85580 Grues","85580","Grues"
"1261834","85340 Les Sables d'Olonne","85340","Les Sables d'Olonne"
"1261835","85510 Le Boupère","85510","Le Boupère"
"1261836","85430 La Boissière-des-Landes","85430","La Boissière-des-Landes"
"1261837","85160 Saint-Jean-de-Monts","85160","Saint-Jean-de-Monts"
"1261839","85260 L'Herbergement","85260","L'Herbergement"
"1261840","85300 Challans","85300","Challans"
"1261842","85150 Les Achards","85150","Les Achards"
"1261843","85180 LES SABLES D OLONNE","85180","LES SABLES D OLONNE"
"1261844","85220 Apremont","85220","Apremont"
"1261845","85000 La Roche-sur-Yon","85000","La Roche-sur-Yon"
"1261846","85250 Chavagnes-en-Paillers","85250","Chavagnes-en-Paillers"
"1261847","85150 Les Achards","85150","Les Achards"
"1261848","85230 Saint-Gervais","85230","Saint-Gervais"
"1261849","85710 La Garnache","85710","La Garnache"
"1261850","85000 La Roche-sur-Yon","85000","La Roche-sur-Yon"
"1261851","85120 Saint-Pierre-du-Chemin","85120","Saint-Pierre-du-Chemin"
"1261853","85300 Challans","85300","Challans"
"1261854","85800 Saint-Gilles-Croix-de-Vie","85800","Saint-Gilles-Croix-de-Vie"
"1261856","85230 Saint-Gervais","85230","Saint-Gervais"
"1261858","85000 La Roche-sur-Yon","85000","La Roche-sur-Yon"
"1261860","85540 Saint-Vincent-sur-Graon","85540","Saint-Vincent-sur-Graon"
"1261861","85500 Les Herbiers","85500","Les Herbiers"
"1261862","85300 Challans","85300","Challans"
"1261863","85800 Saint-Gilles-Croix-de-Vie","85800","Saint-Gilles-Croix-de-Vie"
"1261865","85600 Montaigu Vendee","85600","Montaigu Vendee"
"1261866","85100 Les Sables-d'Olonne","85100","Les Sables-d'Olonne"
"1261867","85540 Moutiers-les-Mauxfaits","85540","Moutiers-les-Mauxfaits"
"1261868","85170 Le Poiré-sur-Vie","85170","Le Poiré-sur-Vie"
"1261869","85320 Corpe","85320","Corpe"
"1261870","85100 Les Sables-d'Olonne","85100","Les Sables-d'Olonne"
"1261872","85140 Essarts en Bocage","85140","Essarts en Bocage"
"1261873","85600 Montaigu Vendee","85600","Montaigu Vendee"
"1261874","85250 Saint-Fulgent","85250","Saint-Fulgent"
"1261875","85770 Les Velluire-sur-Vendée","85770","Les Velluire-sur-Vendée"
"1261877","85170 Dompierre-sur-Yon","85170","Dompierre-sur-Yon"
"1261878","85150 St Julien des Landes","85150","St Julien des Landes"
"1261879","85190 Maché","85190","Maché"
"1261880","85180 Les Sables D Olonne","85180","Les Sables D Olonne"
"1261881","85600 Montaigu-Vendée","85600","Montaigu-Vendée"
"1261884","85600 Montaigu-Vendée","85600","Montaigu-Vendée"
"1261886","85620 Rocheserviere","85620","Rocheserviere"
"1261887","85160 Saint-Jean-de-Monts","85160","Saint-Jean-de-Monts"
"1261888","85160 Saint-Jean-de-Monts","85160","Saint-Jean-de-Monts"
"1261889","85170 Bellevigny","85170","Bellevigny"
"1261890","85300 Challans","85300","Challans"
"1261891","85150 Les Achards","85150","Les Achards"
"1261892","85000 La Roche sur Yon","85000","La Roche sur Yon"
"1261893","85000 La Roche-sur-Yon","85000","La Roche-sur-Yon"
"1261894","85640 Mouchamps","85640","Mouchamps"
"1261895","85310 Rives de l'Yon","85310","Rives de l'Yon"
"1261896","85170 Bellevigny","85170","Bellevigny"
"1261897","85710 La Garnache","85710","La Garnache"
"1261898","85200 Fontenay-le-Comte","85200","Fontenay-le-Comte"
"1261899","85170 Le Poiré-sur-Vie","85170","Le Poiré-sur-Vie"
"1261900","85430 Aubigny-Les Clouzeaux","85430","Aubigny-Les Clouzeaux"
"1261901","85170 Le Poiré-sur-Vie","85170","Le Poiré-sur-Vie"
"1261902","85180 LES SABLES D OLONNE","85180","LES SABLES D OLONNE"
"1261903","85170 Le Poiré-sur-Vie","85170","Le Poiré-sur-Vie"
"1261904","85440 Talmont-Saint-Hilaire","85440","Talmont-Saint-Hilaire"
"1261905","85440 Talmont-Saint-Hilaire","85440","Talmont-Saint-Hilaire"
"1261906","85560 Le Bernard","85560","Le Bernard"
"1261907","85500 Les Herbiers","85500","Les Herbiers"
"1261908","85470 Bretignolles Sur Mer","85470","Bretignolles Sur Mer"
"1261909","85470 Bretignolles sur Mer","85470","Bretignolles sur Mer"
"1261911","85150 Sainte-Foy","85150","Sainte-Foy"
"1261912","85390 Cheffois","85390","Cheffois"
"1261913","85190 Venansault","85190","Venansault"
"1261914","85280 La Ferrière","85280","La Ferrière"
"1261915","85600 Montaigu-Vendée","85600","Montaigu-Vendée"
"1261916","85350 L'Île-d'Yeu","85350","L'Île-d'Yeu"
"1261917","85600 La Boissiere de Montaigu","85600","La Boissiere de Montaigu"
"1261918","85460 L AIGUILLON LA PRESQU ILE","85460","L AIGUILLON LA PRESQU ILE"
"1261919","85100 Les Sables-d'Olonne","85100","Les Sables-d'Olonne"
"1261921","85520 Jard sur Mer","85520","Jard sur Mer"
"1261923","85710 Châteauneuf","85710","Châteauneuf"
"1261924","85620 Rocheservière","85620","Rocheservière"
"1261925","85100 Les Sables-d'Olonne","85100","Les Sables-d'Olonne"
"1261927","85310 Rives de l'Yon","85310","Rives de l'Yon"
"1261928","85000 La Roche-sur-Yon","85000","La Roche-sur-Yon"
"1261929","85340 LES SABLES D OLONNE","85340","LES SABLES D OLONNE"
"1261930","85250 Saint-Fulgent","85250","Saint-Fulgent"
"1261932","85440 Talmont-Saint-Hilaire","85440","Talmont-Saint-Hilaire"
"1261933","85340 LES SABLES D OLONNE","85340","LES SABLES D OLONNE"
"1261934","85000 La Roche-sur-Yon","85000","La Roche-sur-Yon"
"1261936","85800 Givrand","85800","Givrand"
"1261937","85620 Rocheservière","85620","Rocheservière"
"1261938","85490 Benet","85490","Benet"
"1261939","85120 Terval","85120","Terval"
"1261940","85180 Les Sables D Olonne","85180","Les Sables D Olonne"
"1279835","85430 les Clouzeaux","85430","les Clouzeaux"
"1261943","85800 Saint-Gilles-Croix-de-Vie","85800","Saint-Gilles-Croix-de-Vie"
"1261944","85300 Challans","85300","Challans"
"1261945","85300 Soullans","85300","Soullans"
"1261946","85500 Les Herbiers","85500","Les Herbiers"
"1261947","85800 Givrand","85800","Givrand"
"1261948","85600 Montaigu-Vendée","85600","Montaigu-Vendée"
"1261950","85800 Saint-Gilles-Croix-de-Vie","85800","Saint-Gilles-Croix-de-Vie"
"1261951","85000 La Roche-sur-Yon","85000","La Roche-sur-Yon"
"1261952","85200 Bourneau","85200","Bourneau"
"1261954","85420 Maillé","85420","Maillé"
"1261955","85370 Mouzeuil St Martin","85370","Mouzeuil St Martin"
"1261957","85160 Saint-Jean-de-Monts, Bezons","85160","Saint-Jean-de-Monts, Bezons"
"1261958","85140 Chauché","85140","Chauché"
"1261959","85700 Pouzauges","85700","Pouzauges"
"1261960","85600 MONTAIGU VENDEE","85600","MONTAIGU VENDEE"
"1261961","85340 Les Sables-d'Olonne","85340","Les Sables-d'Olonne"
"1261962","85210 Ste Hermine","85210","Ste Hermine"
"1261963","85160 Saint-Jean-de-Monts","85160","Saint-Jean-de-Monts"
"1261964","85390 Cheffois","85390","Cheffois"
"1261965","85210 Saint-Aubin-la-Plaine","85210","Saint-Aubin-la-Plaine"
"1261966","85390 Cheffois","85390","Cheffois"
"1261967","85490 Benet","85490","Benet"
"1261968","85500 Beaurepaire","85500","Beaurepaire"
"1261969","85400 Luçon","85400","Luçon"
"1261970","85590 Saint-Malo-du Bois","85590","Saint-Malo-du Bois"
"1261971","85610 La Bernardière","85610","La Bernardière"
"1261972","85000 La Roche Sur Yon","85000","La Roche Sur Yon"
"1261974","85170 Bellevigny","85170","Bellevigny"
"1261976","85300 Soullans","85300","Soullans"
"1261977","85170 Le Poire-Sur-Vie","85170","Le Poire-Sur-Vie"
"1261979","85300 Challans","85300","Challans"
"1261980","85110 Sainte-Cécile","85110","Sainte-Cécile"
"1261981","85140 Essarts en Bocage","85140","Essarts en Bocage"
"1261982","85620 Rocheservière","85620","Rocheservière"
"1261983","85000 La Roche-sur-Yon","85000","La Roche-sur-Yon"
"1261984","85170 Le Poiré-sur-Vie","85170","Le Poiré-sur-Vie"
"1261985","85500 Les Herbiers","85500","Les Herbiers"
"1261986","85000 BOURG SOUS LA ROCHE SUR YON","85000","BOURG SOUS LA ROCHE SUR YON"
"1261988","85300 Challans","85300","Challans"
"1261989","85100 Les Sables-d'Olonne","85100","Les Sables-d'Olonne"
"1261990","85000 La Roche Sur Yon","85000","La Roche Sur Yon"
"1261991","85770 Les Velluire-sur-Vendée","85770","Les Velluire-sur-Vendée"
"1261992","85150 Saint-Julien-des-Landes","85150","Saint-Julien-des-Landes"
"1279837","85150 Vairé","85150","Vairé"
"1261993","85770 L'Ile-D'Elle","85770","L'Ile-D'Elle"
"1261994","85440 Grosbreuil","85440","Grosbreuil"
"1261995","85600 Montaigu-Vendée","85600","Montaigu-Vendée"
"1261996","85150 Saint-Julien-des-Landes","85150","Saint-Julien-des-Landes"
"1261997","85100 Les Sables-d'Olonne","85100","Les Sables-d'Olonne"
"1261998","85300 Challans","85300","Challans"
"1261999","85440 Talmont-Saint-Hilaire","85440","Talmont-Saint-Hilaire"
"1262000","85150 Sainte-Foy","85150","Sainte-Foy"
"1262001","85660 Saint-Philbert-de-Bouaine","85660","Saint-Philbert-de-Bouaine"
"1262002","85500 Les Herbiers","85500","Les Herbiers"
"1262003","85800 Saint-Gilles-Croix-de-Vie","85800","Saint-Gilles-Croix-de-Vie"
"1262004","85110 Saint-Prouant","85110","Saint-Prouant"
"1262005","85000 La Roche-sur-Yon","85000","La Roche-sur-Yon"
"1262006","85160 Saint-Jean-De-Monts","85160","Saint-Jean-De-Monts"
"1262007","85180 Les Sables-d'Olonne","85180","Les Sables-d'Olonne"
"1262009","85210 La Chapelle-Thémer","85210","La Chapelle-Thémer"
"1262011","85300 Challans","85300","Challans"
"1262012","85400 Luçon","85400","Luçon"
"1262013","85710 La Garnache","85710","La Garnache"
"1262014","85180 Les Sables-d'Olonne","85180","Les Sables-d'Olonne"
"1262015","85770 Vix","85770","Vix"
"1262016","85130 Bazoges-en-Paillers","85130","Bazoges-en-Paillers"
"1262017","85540 Moutiers-les-Mauxfaits","85540","Moutiers-les-Mauxfaits"
"1262020","85300 Challans","85300","Challans"
"1262021","85450 Champagné-les-Marais","85450","Champagné-les-Marais"
"1262022","85600 Montaigu-Vendée","85600","Montaigu-Vendée"
"1262024","85370 Nalliers","85370","Nalliers"
"1262025","85530 La Bruffière","85530","La Bruffière"
"1262026","85340 Les Sables-d'Olonne","85340","Les Sables-d'Olonne"
"1262028","85200 Fontenay-le-Comte","85200","Fontenay-le-Comte"
"1262029","85610 La Bernardière, Montaigu-Vendée","85610","La Bernardière, Montaigu-Vendée"
"1262030","85610 Cugand","85610","Cugand"
"1262031","85600 Montaigu-Vendée","85600","Montaigu-Vendée"
"1262032","85590 Saint-Mars-la-Réorthe","85590","Saint-Mars-la-Réorthe"
"1262033","85710 Bois-de-Céné","85710","Bois-de-Céné"
"1262034","85200 Fontenay-le-Comte","85200","Fontenay-le-Comte"
"1262035","85500 Les Herbiers","85500","Les Herbiers"
"1262036","85590 Les Epesses","85590","Les Epesses"
"1262037","85190 Beaulieu-sous-la-Roche","85190","Beaulieu-sous-la-Roche"
"1262039","85110 Saint-Vincent-Sterlanges","85110","Saint-Vincent-Sterlanges"
"1262040","85220 Landevieille","85220","Landevieille"
"1262041","85220 Coëx","85220","Coëx"
"1262043","85160 Saint-Jean-de-Monts","85160","Saint-Jean-de-Monts"
"1262044","85100 Les Sables-d'Olonne","85100","Les Sables-d'Olonne"
"1262045","85560 Le Bernard","85560","Le Bernard"
"1262046","85640 Mouchamps","85640","Mouchamps"
"1262047","85300 Challans","85300","Challans"
"1262086","85000 La Roche-sur-Yon","85000","La Roche-sur-Yon"
"1262112","85460 L'Aiguillon-la-Presqu'île","85460","L'Aiguillon-la-Presqu'île"
"1262114","85000 La Roche-sur-Yon","85000","La Roche-sur-Yon"
